<?xml version="1.0"?>
<!DOCTYPE hibernate-mapping
    PUBLIC "-//Hibernate/Hibernate Mapping DTD 3.0//EN"
    "http://hibernate.sourceforge.net/hibernate-mapping-3.0.dtd">

<hibernate-mapping package="model">

	<class name="Estacionamiento" table="ESTACIONAMIENTO">
		<id name="oid" type="long">
			<generator class="native" />
		</id>

		<discriminator column="TipoEstacionamiento" type="string" />

		<property name="fecha" unique="false" />
		<property name="horaInicio" type="integer" unique="false" />
		<property name="horaFin" type="integer" unique="false" />
		
		<many-to-one name="vehiculo" class="Vehiculo" column="oidVehiculo"
			not-null="true" cascade="save-update" unique="false" not-found="exception" />

		<subclass name="EstacionamientoSMS" discriminator-value="SMS">
			<property name="numeroCelular" column="numeroCelular" />
		</subclass>

		<subclass name="EstacionamientoPuntual" discriminator-value="Puntual" />
	</class>

</hibernate-mapping>
