<?xml version="1.0"?>
<!DOCTYPE hibernate-mapping
    PUBLIC "-//Hibernate/Hibernate Mapping DTD 3.0//EN"
    "http://hibernate.sourceforge.net/hibernate-mapping-3.0.dtd">

<hibernate-mapping package="model">

    <class name="Vehiculo" table="VEHICULO">

        <id name="oid" type="long">
            <generator class="native" />
        </id>

        <!-- los atributos simples se pueden mapear como propertys -->
        <property name="patente" type="string" unique="true"
            not-null="true" />

        <set name="estacionamientos" inverse="true" cascade="all">
            <key column="oidVehiculo" />
            <one-to-many class="Estacionamiento" />
        </set>

        <set name="infracciones" inverse="true" cascade="all">
            <key column="oidVehiculo" />
            <one-to-many class="Infraccion" />
        </set>
    </class>

</hibernate-mapping>
