<?xml version="1.0"?>
<!DOCTYPE hibernate-mapping
    PUBLIC "-//Hibernate/Hibernate Mapping DTD 3.0//EN"
    "http://hibernate.sourceforge.net/hibernate-mapping-3.0.dtd">

<hibernate-mapping package="model">

    <class name="Zona" table="ZONA">

        <id name="oid" type="long">
            <generator class="native" />
        </id>

        <!-- los atributos simples se pueden mapear como propertys -->
        <property name="descripcion" type="string" unique="false"
            not-null="true" />

        <set name="puntosDeVenta" inverse="false" cascade="all">
            <key column="oidZona" not-null="true" />
            <one-to-many class="PuntoDeVenta" not-found="exception" />
        </set>

        <set name="inspectores" inverse="false" cascade="all">
            <key column="oidZona" not-null="true" />
            <one-to-many class="Inspector" not-found="exception" />
        </set>
    </class>

</hibernate-mapping>
