<?xml version="1.0"?>
<!DOCTYPE hibernate-mapping
    PUBLIC "-//Hibernate/Hibernate Mapping DTD 3.0//EN"
    "http://hibernate.sourceforge.net/hibernate-mapping-3.0.dtd">

<hibernate-mapping package="model">

	<class name="Infraccion" table="INFRACCION">
		<id name="oid" type="long">
			<generator class="native" />
		</id>

		<!-- los atributos simples se pueden mapear como propertys -->
		<property name="fecha" type="date" unique="false" not-null="true" />
		<property name="hora" type="integer" unique="false" not-null="true" />
		<property name="observacion" type="string" unique="false" />

		<many-to-one name="vehiculo" class="Vehiculo" column="oidVehiculo"
			not-found="exception" />

		<many-to-one name="zona" class="Zona" column="oidZona"
			not-null="true" not-found="exception" />

		<many-to-one name="inspector" class="Inspector" column="oidInspector"
			unique="false" not-null="true" cascade="save-update" not-found="exception" />
	</class>

</hibernate-mapping>
