<?xml version="1.0"?>
<!DOCTYPE hibernate-mapping
    PUBLIC "-//Hibernate/Hibernate Mapping DTD 3.0//EN"
    "http://hibernate.sourceforge.net/hibernate-mapping-3.0.dtd">

<hibernate-mapping package="model">

	<class name="Inspector" table="INSPECTOR">

		<id name="oid" type="long">
			<generator class="native" />
		</id>

		<property name="nombre" type="string" />
		<property name="apellido" type="string" />
		<property name="legajo" type="string" />

		<many-to-one name="dispositivoMovil" class="DispositivoMovil"
			column="oidDispositivoMovil" unique="true" not-found="exception" />

		<!--  si borramos al inspector, NO borramos infracciones en cascada para que queden para el auto -->
        <list name="infracciones">
            <key column="oidInspector" />
            <list-index column="indexInfraccionInspector" />
            <one-to-many class="Infraccion" not-found="exception" />
        </list>
	</class>

</hibernate-mapping>
