<?xml version="1.0"?>
<!DOCTYPE hibernate-mapping
    PUBLIC "-//Hibernate/Hibernate Mapping DTD 3.0//EN"
    "http://hibernate.sourceforge.net/hibernate-mapping-3.0.dtd">

<hibernate-mapping package="model">

	<class name="PuntoDeVenta" table="PUNTODEVENTA">
		<id name="oid" type="long">
			<generator class="native" />
		</id>

		<!-- los atributos simples se pueden mapear como propertys -->
		<property name="calle" type="string" />
		<property name="numero" type="integer" />
		<property name="propietario" type="string" />
		<property name="telefono" type="string" />
	</class>

</hibernate-mapping>
