<?xml version="1.0"?>
<!DOCTYPE hibernate-mapping
    PUBLIC "-//Hibernate/Hibernate Mapping DTD 3.0//EN"
    "http://hibernate.sourceforge.net/hibernate-mapping-3.0.dtd">

<hibernate-mapping package="model">

    <class name="SEM" table="SEM">
        <id name="oid" type="long">
            <generator class="native" />
        </id>

        <list name="zonas" inverse="false" cascade="all">
            <key column="oidSEM" not-null="true" />
            <list-index column="indexZona" />
            <one-to-many class="Zona" not-found="exception" />
        </list>

        <list name="estacionamientos" inverse="false" cascade="all">
            <key column="oidSEM" not-null="true" />
            <list-index column="indexEstacionamientoSEM" />
            <one-to-many class="Estacionamiento" not-found="exception" />
        </list>

        <list name="dispositivosMoviles" inverse="false" cascade="all">
            <key column="oidSEM" not-null="true" />
            <list-index column="indexDispMovil" />
            <one-to-many class="DispositivoMovil" not-found="exception" />
        </list>
    </class>

</hibernate-mapping>
