<?xml version="1.0"?>
<!DOCTYPE hibernate-mapping
    PUBLIC "-//Hibernate/Hibernate Mapping DTD 3.0//EN"
    "http://hibernate.sourceforge.net/hibernate-mapping-3.0.dtd">

<hibernate-mapping package="model">

    <class name="Vehiculo" table="VEHICULO">

        <id name="oid" type="long">
            <generator class="native" />
        </id>

        <!-- los atributos simples se pueden mapear como propertys -->
        <property name="patente" type="string" unique="true"
            not-null="true" />

        <list name="estacionamientos" cascade="all">
            <key column="oidVehiculo" />
<!--        <index> es lo mismo pero esta por compatibilidad con hibernate 2 -->
            <list-index column="indexEstacionamientoVehiculo"/>
            <one-to-many class="Estacionamiento" not-found="exception" />
        </list>

        <list name="infracciones" cascade="all">
            <key column="oidVehiculo" />
            <list-index column="indexInfraccionVehiculo" />
            <one-to-many class="Infraccion" not-found="exception" />
        </list>
    </class>

</hibernate-mapping>
