<?xml version='1.0' encoding='utf-8'?>
<!DOCTYPE hibernate-configuration PUBLIC "-//Hibernate/Hibernate Configuration DTD 3.0//EN" "http://hibernate.sourceforge.net/hibernate-configuration-3.0.dtd">
<hibernate-configuration>

	<!-- a SessionFactory instance -->
	<session-factory>
		<!-- Database connection settings -->
		<property name="connection.driver_class">com.mysql.jdbc.Driver</property>
		<property name="connection.url">jdbc:mysql://localhost:3306/db_list_jerarquia_Muller</property>
		<property name="connection.username">sem</property>
		<property name="connection.password">sem</property>

		<!-- JDBC connection pool (use the built-in) -->
		<property name="connection.pool_size">1</property>

		<!-- SQL dialect -->
		<property name="dialect">org.hibernate.dialect.MySQLDialect</property>
<!--		<property name="dialect">org.hibernate.dialect.MySQLInnoDBDialect</property>-->

		<!-- ******************* Echo all executed SQL to stdout ********************** -->
		<property name="show_sql">false</property>

		<!-- mapping files -->
   		<mapping resource="hibernate/conLists/Estacionamiento.hbm.xml"/>  
		<mapping resource="hibernate/conLists/Vehiculo.hbm.xml" />
		<mapping resource="hibernate/conLists/SEM.hbm.xml" />
		<mapping resource="hibernate/conLists/Zona.hbm.xml" />
		<mapping resource="hibernate/conLists/Inspector.hbm.xml" />
		<mapping resource="hibernate/conLists/DispositivoMovil.hbm.xml" />
		<mapping resource="hibernate/conLists/Infraccion.hbm.xml" />
		<mapping resource="hibernate/conLists/PuntoDeVenta.hbm.xml" /> 
	</session-factory>

</hibernate-configuration>
